Workbook
Name i: 'Life Table'!$F$4
Name m: 'Actuarial Functions'!$C$4
Name Makeham_A: 'Life Table'!$C$4
Name Makeham_B: 'Life Table'!$C$5
Name Makeham_c: 'Life Table'!$C$6
Name n: 'Actuarial Functions'!$C$3
Name x: 'Actuarial Functions'!$C$2

Sheet Life Table
B1: STANDARD ULTIMATE LIFE TABLE
B2: Mortality follows Makeham's law: μx = A + Bcx. The default parameters are: A = 0.00022, B = 0.0000027 and c = 1.124. The default interest rate is i = 5%.
B4: A | C4: 0.00022 | E4: i | F4: 0.05
B5: B | C5: 2.7e-06
B6: c | C6: 1.124
B8: x | C8: lx | D8: qx | E8: äx | F8: Ax | G8: 2Ax | H8: äx:10 | I8: Ax:10 | J8: äx:20 | K8: Ax:20 | L8: 5Ex | M8: 10Ex | N8: 20Ex | O8: x
B9: 20 | C9: =100000 * EXP(-Makeham_A*('Life Table'!$B9-$B$9) - Makeham_B/LN(Makeham_c) * (Makeham_c^'Life Table'!$B9 - Makeham_c^$B$9)) -> 100000 | D9: =1 - C10/'Life Table'!$C9 -> 0.00024963903 | E9: =1 + (1-'Life Table'!$D9) * (1+i)^(-1) * E10 -> 19.966394 | F9: =(1+i)^(-1) * 'Life Table'!$D9 + (1+i)^(-1) * (1-'Life Table'!$D9) * F10 -> 0.049219343 | G9: =(1+i)^(-2) * 'Life Table'!$D9 + (1+i)^(-2) * (1-'Life Table'!$D9) * G10 -> 0.0057983846 | H9: =E9 - M9*E19 -> 8.0991437 | I9: =1 - i/(1+i)*H9 -> 0.61432649 | J9: =E9 - N9*E29 -> 13.055894 | K9: =1 - i/(1+i)*J9 -> 0.37829077 | L9: =(1+i)^(-5) * C14/C9 -> 0.78251607 | M9: =(1+i)^(-10) * C19/C9 -> 0.61223904 | N9: =(1+i)^(-20) * C29/C9 -> 0.37439544 | O9: =B9 -> 20
B10: 21 | C10: =100000 * EXP(-Makeham_A*('Life Table'!$B10-$B$9) - Makeham_B/LN(Makeham_c) * (Makeham_c^'Life Table'!$B10 - Makeham_c^$B$9)) -> 99975.036 | D10: =1 - C11/'Life Table'!$C10 -> 0.00025331721 | E10: =1 + (1-'Life Table'!$D10) * (1+i)^(-1) * E11 -> 19.919686 | F10: =(1+i)^(-1) * 'Life Table'!$D10 + (1+i)^(-1) * (1-'Life Table'!$D10) * F11 -> 0.051443513 | G10: =(1+i)^(-2) * 'Life Table'!$D10 + (1+i)^(-2) * (1-'Life Table'!$D10) * G11 -> 0.006144614 | H10: =E10 - M10*E20 -> 8.0989737 | I10: =1 - i/(1+i)*H10 -> 0.61433459 | J10: =E10 - N10*E30 -> 13.055063 | K10: =1 - i/(1+i)*J10 -> 0.37833034 | L10: =(1+i)^(-5) * C15/C10 -> 0.78249764 | M10: =(1+i)^(-10) * C20/C10 -> 0.61219874 | N10: =(1+i)^(-20) * C30/C10 -> 0.37429149 | O10: =B10 -> 21
B11: 22 | C11: =100000 * EXP(-Makeham_A*('Life Table'!$B11-$B$9) - Makeham_B/LN(Makeham_c) * (Makeham_c^'Life Table'!$B11 - Makeham_c^$B$9)) -> 99949.711 | D11: =1 - C12/'Life Table'!$C11 -> 0.00025745146 | E11: =1 + (1-'Life Table'!$D11) * (1+i)^(-1) * E12 -> 19.870704 | F11: =(1+i)^(-1) * 'Life Table'!$D11 + (1+i)^(-1) * (1-'Life Table'!$D11) * F12 -> 0.053775994 | G11: =(1+i)^(-2) * 'Life Table'!$D11 + (1+i)^(-2) * (1-'Life Table'!$D11) * G12 -> 0.006522772 | H11: =E11 - M11*E21 -> 8.0987826 | I11: =1 - i/(1+i)*H11 -> 0.61434369 | J11: =E11 - N11*E31 -> 13.054129 | K11: =1 - i/(1+i)*J11 -> 0.37837481 | L11: =(1+i)^(-5) * C16/C11 -> 0.78247692 | M11: =(1+i)^(-10) * C21/C11 -> 0.61215344 | N11: =(1+i)^(-20) * C31/C11 -> 0.37417468 | O11: =B11 -> 22
B12: 23 | C12: =100000 * EXP(-Makeham_A*('Life Table'!$B12-$B$9) - Makeham_B/LN(Makeham_c) * (Makeham_c^'Life Table'!$B12 - Makeham_c^$B$9)) -> 99923.979 | D12: =1 - C13/'Life Table'!$C12 -> 0.00026209835 | E12: =1 + (1-'Life Table'!$D12) * (1+i)^(-1) * E13 -> 19.819342 | F12: =(1+i)^(-1) * 'Life Table'!$D12 + (1+i)^(-1) * (1-'Life Table'!$D12) * F13 -> 0.056221817 | G12: =(1+i)^(-2) * 'Life Table'!$D12 + (1+i)^(-2) * (1-'Life Table'!$D12) * G13 -> 0.0069356903 | H12: =E12 - M12*E22 -> 8.0985678 | I12: =1 - i/(1+i)*H12 -> 0.61435391 | J12: =E12 - N12*E32 -> 13.053079 | K12: =1 - i/(1+i)*J12 -> 0.3784248 | L12: =(1+i)^(-5) * C17/C12 -> 0.78245363 | M12: =(1+i)^(-10) * C22/C12 -> 0.61210254 | N12: =(1+i)^(-20) * C32/C12 -> 0.37404344 | O12: =B12 -> 23
B13: 24 | C13: =100000 * EXP(-Makeham_A*('Life Table'!$B13-$B$9) - Makeham_B/LN(Makeham_c) * (Makeham_c^'Life Table'!$B13 - Makeham_c^$B$9)) -> 99897.789 | D13: =1 - C14/'Life Table'!$C13 -> 0.00026732142 | E13: =1 + (1-'Life Table'!$D13) * (1+i)^(-1) * E14 -> 19.765489 | F13: =(1+i)^(-1) * 'Life Table'!$D13 + (1+i)^(-1) * (1-'Life Table'!$D13) * F14 -> 0.058786217 | G13: =(1+i)^(-2) * 'Life Table'!$D13 + (1+i)^(-2) * (1-'Life Table'!$D13) * G14 -> 0.0073864362 | H13: =E13 - M13*E23 -> 8.0983265 | I13: =1 - i/(1+i)*H13 -> 0.61436541 | J13: =E13 - N13*E33 -> 13.0519 | K13: =1 - i/(1+i)*J13 -> 0.37848096 | L13: =(1+i)^(-5) * C18/C13 -> 0.78242745 | M13: =(1+i)^(-10) * C23/C13 -> 0.61204532 | N13: =(1+i)^(-20) * C33/C13 -> 0.37389597 | O13: =B13 -> 24
B14: 25 | C14: =100000 * EXP(-Makeham_A*('Life Table'!$B14-$B$9) - Makeham_B/LN(Makeham_c) * (Makeham_c^'Life Table'!$B14 - Makeham_c^$B$9)) -> 99871.084 | D14: =1 - C15/'Life Table'!$C14 -> 0.00027319212 | E14: =1 + (1-'Life Table'!$D14) * (1+i)^(-1) * E15 -> 19.709033 | F14: =(1+i)^(-1) * 'Life Table'!$D14 + (1+i)^(-1) * (1-'Life Table'!$D14) * F15 -> 0.06147464 | G14: =(1+i)^(-2) * 'Life Table'!$D14 + (1+i)^(-2) * (1-'Life Table'!$D14) * G15 -> 0.0078783305 | H14: =E14 - M14*E24 -> 8.0980551 | I14: =1 - i/(1+i)*H14 -> 0.61437833 | J14: =E14 - N14*E34 -> 13.050574 | K14: =1 - i/(1+i)*J14 -> 0.37854409 | L14: =(1+i)^(-5) * C19/C14 -> 0.78239803 | M14: =(1+i)^(-10) * C24/C14 -> 0.61198102 | N14: =(1+i)^(-20) * C34/C14 -> 0.37373029 | O14: =B14 -> 25
B15: 26 | C15: =100000 * EXP(-Makeham_A*('Life Table'!$B15-$B$9) - Makeham_B/LN(Makeham_c) * (Makeham_c^'Life Table'!$B15 - Makeham_c^$B$9)) -> 99843.8 | D15: =1 - C16/'Life Table'!$C15 -> 0.00027979075 | E15: =1 + (1-'Life Table'!$D15) * (1+i)^(-1) * E16 -> 19.649852 | F15: =(1+i)^(-1) * 'Life Table'!$D15 + (1+i)^(-1) * (1-'Life Table'!$D15) * F16 -> 0.064292744 | G15: =(1+i)^(-2) * 'Life Table'!$D15 + (1+i)^(-2) * (1-'Life Table'!$D15) * G16 -> 0.0084149662 | H15: =E15 - M15*E25 -> 8.0977502 | I15: =1 - i/(1+i)*H15 -> 0.61439285 | J15: =E15 - N15*E35 -> 13.049085 | K15: =1 - i/(1+i)*J15 -> 0.37861502 | L15: =(1+i)^(-5) * C20/C15 -> 0.78236496 | M15: =(1+i)^(-10) * C25/C15 -> 0.61190876 | N15: =(1+i)^(-20) * C35/C15 -> 0.37354414 | O15: =B15 -> 26
B16: 27 | C16: =100000 * EXP(-Makeham_A*('Life Table'!$B16-$B$9) - Makeham_B/LN(Makeham_c) * (Makeham_c^'Life Table'!$B16 - Makeham_c^$B$9)) -> 99815.864 | D16: =1 - C17/'Life Table'!$C16 -> 0.00028720755 | E16: =1 + (1-'Life Table'!$D16) * (1+i)^(-1) * E17 -> 19.587825 | F16: =(1+i)^(-1) * 'Life Table'!$D16 + (1+i)^(-1) * (1-'Life Table'!$D16) * F17 -> 0.067246405 | G16: =(1+i)^(-2) * 'Life Table'!$D16 + (1+i)^(-2) * (1-'Life Table'!$D16) * G17 -> 0.0090002276 | H16: =E16 - M16*E26 -> 8.0974075 | I16: =1 - i/(1+i)*H16 -> 0.61440917 | J16: =E16 - N16*E36 -> 13.047411 | K16: =1 - i/(1+i)*J16 -> 0.37869473 | L16: =(1+i)^(-5) * C21/C16 -> 0.7823278 | M16: =(1+i)^(-10) * C26/C16 -> 0.61182754 | N16: =(1+i)^(-20) * C36/C16 -> 0.37333503 | O16: =B16 -> 27
B17: 28 | C17: =100000 * EXP(-Makeham_A*('Life Table'!$B17-$B$9) - Makeham_B/LN(Makeham_c) * (Makeham_c^'Life Table'!$B17 - Makeham_c^$B$9)) -> 99787.197 | D17: =1 - C18/'Life Table'!$C17 -> 0.00029554397 | E17: =1 + (1-'Life Table'!$D17) * (1+i)^(-1) * E18 -> 19.522824 | F17: =(1+i)^(-1) * 'Life Table'!$D17 + (1+i)^(-1) * (1-'Life Table'!$D17) * F18 -> 0.070341721 | G17: =(1+i)^(-2) * 'Life Table'!$D17 + (1+i)^(-2) * (1-'Life Table'!$D17) * G18 -> 0.0096383116 | H17: =E17 - M17*E27 -> 8.0970223 | I17: =1 - i/(1+i)*H17 -> 0.61442751 | J17: =E17 - N17*E37 -> 13.04553 | K17: =1 - i/(1+i)*J17 -> 0.37878429 | L17: =(1+i)^(-5) * C22/C17 -> 0.78228602 | M17: =(1+i)^(-10) * C27/C17 -> 0.61173626 | N17: =(1+i)^(-20) * C37/C17 -> 0.37310013 | O17: =B17 -> 28
B18: 29 | C18: =100000 * EXP(-Makeham_A*('Life Table'!$B18-$B$9) - Makeham_B/LN(Makeham_c) * (Makeham_c^'Life Table'!$B18 - Makeham_c^$B$9)) -> 99757.705 | D18: =1 - C19/'Life Table'!$C18 -> 0.00030491403 | E18: =1 + (1-'Life Table'!$D18) * (1+i)^(-1) * E19 -> 19.454715 | F18: =(1+i)^(-1) * 'Life Table'!$D18 + (1+i)^(-1) * (1-'Life Table'!$D18) * F19 -> 0.07358501 | G18: =(1+i)^(-2) * 'Life Table'!$D18 + (1+i)^(-2) * (1-'Life Table'!$D18) * G19 -> 0.010333749 | H18: =E18 - M18*E28 -> 8.0965894 | I18: =1 - i/(1+i)*H18 -> 0.61444812 | J18: =E18 - N18*E38 -> 13.043416 | K18: =1 - i/(1+i)*J18 -> 0.37888493 | L18: =(1+i)^(-5) * C23/C18 -> 0.78223907 | M18: =(1+i)^(-10) * C28/C18 -> 0.61163368 | N18: =(1+i)^(-20) * C38/C18 -> 0.37283628 | O18: =B18 -> 29
B19: 30 | C19: =100000 * EXP(-Makeham_A*('Life Table'!$B19-$B$9) - Makeham_B/LN(Makeham_c) * (Makeham_c^'Life Table'!$B19 - Makeham_c^$B$9)) -> 99727.288 | D19: =1 - C20/'Life Table'!$C19 -> 0.00031544586 | E19: =1 + (1-'Life Table'!$D19) * (1+i)^(-1) * E20 -> 19.383361 | F19: =(1+i)^(-1) * 'Life Table'!$D19 + (1+i)^(-1) * (1-'Life Table'!$D19) * F20 -> 0.07698282 | G19: =(1+i)^(-2) * 'Life Table'!$D19 + (1+i)^(-2) * (1-'Life Table'!$D19) * G20 -> 0.011091426 | H19: =E19 - M19*E29 -> 8.0961029 | I19: =1 - i/(1+i)*H19 -> 0.61447129 | J19: =E19 - N19*E39 -> 13.041042 | K19: =1 - i/(1+i)*J19 -> 0.37899801 | L19: =(1+i)^(-5) * C24/C19 -> 0.7821863 | M19: =(1+i)^(-10) * C29/C19 -> 0.61151841 | N19: =(1+i)^(-20) * C39/C19 -> 0.37253993 | O19: =B19 -> 30
B20: 31 | C20: =100000 * EXP(-Makeham_A*('Life Table'!$B20-$B$9) - Makeham_B/LN(Makeham_c) * (Makeham_c^'Life Table'!$B20 - Makeham_c^$B$9)) -> 99695.829 | D20: =1 - C21/'Life Table'!$C20 -> 0.00032728352 | E20: =1 + (1-'Life Table'!$D20) * (1+i)^(-1) * E21 -> 19.30862 | F20: =(1+i)^(-1) * 'Life Table'!$D20 + (1+i)^(-1) * (1-'Life Table'!$D20) * F21 -> 0.080541922 | G20: =(1+i)^(-2) * 'Life Table'!$D20 + (1+i)^(-2) * (1-'Life Table'!$D20) * G21 -> 0.01191661 | H20: =E20 - M20*E30 -> 8.095556 | I20: =1 - i/(1+i)*H20 -> 0.61449733 | J20: =E20 - N20*E40 -> 13.038374 | K20: =1 - i/(1+i)*J20 -> 0.37912507 | L20: =(1+i)^(-5) * C25/C20 -> 0.78212699 | M20: =(1+i)^(-10) * C30/C20 -> 0.61138886 | N20: =(1+i)^(-20) * C40/C20 -> 0.37220712 | O20: =B20 -> 31
... B109: 120 | C109: =100000 * EXP(-Makeham_A*('Life Table'!$B109-$B$9) - Makeham_B/LN(Makeham_c) * (Makeham_c^'Life Table'!$B109 - Makeham_c^$B$9)) -> 3.9230159e-08 | D109: =1 - C110/'Life Table'!$C109 -> 0.97098081 | E109: =1 + (1-'Life Table'!$D109) * (1+i)^(-1) * E110 -> 1.0281352 | F109: =(1+i)^(-1) * 'Life Table'!$D109 + (1+i)^(-1) * (1-'Life Table'!$D109) * F110 -> 0.95104118 | G109: =(1+i)^(-2) * 'Life Table'!$D109 + (1+i)^(-2) * (1-'Life Table'!$D109) * G110 -> 0.90454042 | H109: =E109 - M109*E119 -> 1.0281352 | I109: =1 - i/(1+i)*H109 -> 0.95104118 | J109: =E109 - N109*E129 -> 1.0281352 | K109: =1 - i/(1+i)*J109 -> 0.95104118 | L109: =(1+i)^(-5) * C114/C109 -> 1.1218814e-10 | M109: =(1+i)^(-10) * C119/C109 -> 1.9216836e-28 | N109: =(1+i)^(-20) * C129/C109 -> 3.5396456e-117 | O109: =B109 -> 120
B110: 121 | C110: =100000 * EXP(-Makeham_A*('Life Table'!$B110-$B$9) - Makeham_B/LN(Makeham_c) * (Makeham_c^'Life Table'!$B110 - Makeham_c^$B$9)) -> 1.1384273e-09 | D110: =1 - C111/'Life Table'!$C110 -> 0.98129016 | E110: =1 + (1-'Life Table'!$D110) * (1+i)^(-1) * E111 -> 1.018014 | F110: =(1+i)^(-1) * 'Life Table'!$D110 + (1+i)^(-1) * (1-'Life Table'!$D110) * F111 -> 0.95152314 | G110: =(1+i)^(-2) * 'Life Table'!$D110 + (1+i)^(-2) * (1-'Life Table'!$D110) * G111 -> 0.90543529 | H110: =E110 - M110*E120 -> 1.018014 | I110: =1 - i/(1+i)*H110 -> 0.95152314 | L110: =(1+i)^(-5) * C115/C110 -> 6.7505162e-12 | M110: =(1+i)^(-10) * C120/C110 -> 7.468814e-32 | O110: =B110 -> 121
B111: 122 | C111: =100000 * EXP(-Makeham_A*('Life Table'!$B111-$B$9) - Makeham_B/LN(Makeham_c) * (Makeham_c^'Life Table'!$B111 - Makeham_c^$B$9)) -> 2.129979e-11 | D111: =1 - C112/'Life Table'!$C111 -> 0.98857599 | E111: =1 + (1-'Life Table'!$D111) * (1+i)^(-1) * E112 -> 1.0109482 | F111: =(1+i)^(-1) * 'Life Table'!$D111 + (1+i)^(-1) * (1-'Life Table'!$D111) * F112 -> 0.95185961 | G111: =(1+i)^(-2) * 'Life Table'!$D111 + (1+i)^(-2) * (1-'Life Table'!$D111) * G112 -> 0.90606037 | H111: =E111 - M111*E121 -> 1.0109482 | I111: =1 - i/(1+i)*H111 -> 0.95185961 | L111: =(1+i)^(-5) * C116/C111 -> 2.8666282e-13 | M111: =(1+i)^(-10) * C121/C111 -> 1.0962966e-35 | O111: =B111 -> 122
B112: 123 | C112: =100000 * EXP(-Makeham_A*('Life Table'!$B112-$B$9) - Makeham_B/LN(Makeham_c) * (Makeham_c^'Life Table'!$B112 - Makeham_c^$B$9)) -> 2.43329e-13 | D112: =1 - C113/'Life Table'!$C112 -> 0.99343855 | E112: =1 + (1-'Life Table'!$D112) * (1+i)^(-1) * E113 -> 1.00627 | F112: =(1+i)^(-1) * 'Life Table'!$D112 + (1+i)^(-1) * (1-'Life Table'!$D112) * F113 -> 0.95208238 | G112: =(1+i)^(-2) * 'Life Table'!$D112 + (1+i)^(-2) * (1-'Life Table'!$D112) * G113 -> 0.9064744 | H112: =E112 - M112*E122 -> 1.00627 | I112: =1 - i/(1+i)*H112 -> 0.95208238 | L112: =(1+i)^(-5) * C117/C112 -> 8.2277678e-15 | M112: =(1+i)^(-10) * C122/C112 -> 5.3860743e-40 | O112: =B112 -> 123
B113: 124 | C113: =100000 * EXP(-Makeham_A*('Life Table'!$B113-$B$9) - Makeham_B/LN(Makeham_c) * (Makeham_c^'Life Table'!$B113 - Makeham_c^$B$9)) -> 1.5965914e-15 | D113: =1 - C114/'Life Table'!$C113 -> 0.99648181 | E113: =1 + (1-'Life Table'!$D113) * (1+i)^(-1) * E114 -> 1.0033562 | F113: =(1+i)^(-1) * 'Life Table'!$D113 + (1+i)^(-1) * (1-'Life Table'!$D113) * F114 -> 0.95222113 | G113: =(1+i)^(-2) * 'Life Table'!$D113 + (1+i)^(-2) * (1-'Life Table'!$D113) * G114 -> 0.90673233 | H113: =E113 - M113*E123 -> 1.0033562 | I113: =1 - i/(1+i)*H113 -> 0.95222113 | L113: =(1+i)^(-5) * C118/C113 -> 1.5204551e-16 | M113: =(1+i)^(-10) * C123/C113 -> 7.7329164e-45 | O113: =B113 -> 124
B114: 125 | C114: =100000 * EXP(-Makeham_A*('Life Table'!$B114-$B$9) - Makeham_B/LN(Makeham_c) * (Makeham_c^'Life Table'!$B114 - Makeham_c^$B$9)) -> 5.6171177e-18 | D114: =1 - C115/'Life Table'!$C114 -> 0.99825388 | E114: =1 + (1-'Life Table'!$D114) * (1+i)^(-1) * E115 -> 1.0016642 | F114: =(1+i)^(-1) * 'Life Table'!$D114 + (1+i)^(-1) * (1-'Life Table'!$D114) * F115 -> 0.9523017 | G114: =(1+i)^(-2) * 'Life Table'!$D114 + (1+i)^(-2) * (1-'Life Table'!$D114) * G115 -> 0.90688213 | H114: =E114 - M114*E124 -> 1.0016642 | I114: =1 - i/(1+i)*H114 -> 0.9523017 | L114: =(1+i)^(-5) * C119/C114 -> 1.7129115e-18 | M114: =(1+i)^(-10) * C124/C114 -> 2.7854226e-50 | O114: =B114 -> 125
B115: 126 | C115: =100000 * EXP(-Makeham_A*('Life Table'!$B115-$B$9) - Makeham_B/LN(Makeham_c) * (Makeham_c^'Life Table'!$B115 - Makeham_c^$B$9)) -> 9.8081876e-21 | D115: =1 - C116/'Life Table'!$C115 -> 0.99920548 | E115: =1 + (1-'Life Table'!$D115) * (1+i)^(-1) * E116 -> 1.0007569 | F115: =(1+i)^(-1) * 'Life Table'!$D115 + (1+i)^(-1) * (1-'Life Table'!$D115) * F116 -> 0.95234491 | G115: =(1+i)^(-2) * 'Life Table'!$D115 + (1+i)^(-2) * (1-'Life Table'!$D115) * G116 -> 0.90696246 | H115: =E115 - M115*E125 -> 1.0007569 | I115: =1 - i/(1+i)*H115 -> 0.95234491 | L115: =(1+i)^(-5) * C120/C115 -> 1.1064064e-20 | M115: =(1+i)^(-10) * C125/C115 -> 2.1205611e-56 | O115: =B115 -> 126
B116: 127 | C116: =100000 * EXP(-Makeham_A*('Life Table'!$B116-$B$9) - Makeham_B/LN(Makeham_c) * (Makeham_c^'Life Table'!$B116 - Makeham_c^$B$9)) -> 7.7927937e-24 | D116: =1 - C117/'Life Table'!$C116 -> 0.99967211 | E116: =1 + (1-'Life Table'!$D116) * (1+i)^(-1) * E117 -> 1.0003123 | F116: =(1+i)^(-1) * 'Life Table'!$D116 + (1+i)^(-1) * (1-'Life Table'!$D116) * F117 -> 0.95236608 | G116: =(1+i)^(-2) * 'Life Table'!$D116 + (1+i)^(-2) * (1-'Life Table'!$D116) * G117 -> 0.90700183 | H116: =E116 - M116*E126 -> 1.0003123 | I116: =1 - i/(1+i)*H116 -> 0.95236608 | L116: =(1+i)^(-5) * C121/C116 -> 3.8243417e-23 | M116: =(1+i)^(-10) * C126/C116 -> 2.8139988e-63 | O116: =B116 -> 127
B117: 128 | C117: =100000 * EXP(-Makeham_A*('Life Table'!$B117-$B$9) - Makeham_B/LN(Makeham_c) * (Makeham_c^'Life Table'!$B117 - Makeham_c^$B$9)) -> 2.5551852e-27 | D117: =1 - C118/'Life Table'!$C117 -> 0.99987875 | E117: =1 + (1-'Life Table'!$D117) * (1+i)^(-1) * E118 -> 1.0001155 | F117: =(1+i)^(-1) * 'Life Table'!$D117 + (1+i)^(-1) * (1-'Life Table'!$D117) * F118 -> 0.95237545 | G117: =(1+i)^(-2) * 'Life Table'!$D117 + (1+i)^(-2) * (1-'Life Table'!$D117) * G118 -> 0.90701925 | H117: =E117 - M117*E127 -> 1.0001155 | I117: =1 - i/(1+i)*H117 -> 0.95237545 | L117: =(1+i)^(-5) * C122/C117 -> 6.5462158e-26 | M117: =(1+i)^(-10) * C127/C117 -> 5.2412306e-71 | O117: =B117 -> 128
B118: 129 | C118: =100000 * EXP(-Makeham_A*('Life Table'!$B118-$B$9) - Makeham_B/LN(Makeham_c) * (Makeham_c^'Life Table'!$B118 - Makeham_c^$B$9)) -> 3.0982316e-31 | D118: =1 - C119/'Life Table'!$C118 -> 0.99996036 | E118: =1 + (1-'Life Table'!$D118) * (1+i)^(-1) * E119 -> 1.0000377 | F118: =(1+i)^(-1) * 'Life Table'!$D118 + (1+i)^(-1) * (1-'Life Table'!$D118) * F119 -> 0.95237915 | G118: =(1+i)^(-2) * 'Life Table'!$D118 + (1+i)^(-2) * (1-'Life Table'!$D118) * G119 -> 0.90702614 | H118: =E118 - M118*E128 -> 1.0000377 | I118: =1 - i/(1+i)*H118 -> 0.95237915 | L118: =(1+i)^(-5) * C123/C118 -> 5.0859223e-29 | M118: =(1+i)^(-10) * C128/C118 -> 1.0740789e-79 | O118: =B118 -> 129
B119: 130 | C119: =100000 * EXP(-Makeham_A*('Life Table'!$B119-$B$9) - Makeham_B/LN(Makeham_c) * (Makeham_c^'Life Table'!$B119 - Makeham_c^$B$9)) -> 1.2279903e-35 | D119: =1 - C120/'Life Table'!$C119 -> 0.99998872 | E119: =1 + (1-'Life Table'!$D119) * (1+i)^(-1) * E120 -> 1.0000107 | F119: =(1+i)^(-1) * 'Life Table'!$D119 + (1+i)^(-1) * (1-'Life Table'!$D119) * F120 -> 0.95238044 | G119: =(1+i)^(-2) * 'Life Table'!$D119 + (1+i)^(-2) * (1-'Life Table'!$D119) * G120 -> 0.90702853 | H119: =E119 - M119*E129 -> 1.0000107 | I119: =1 - i/(1+i)*H119 -> 0.95238044 | L119: =(1+i)^(-5) * C124/C119 -> 1.6261334e-32 | M119: =(1+i)^(-10) * C129/C119 -> 1.8419503e-89 | O119: =B119 -> 130
B120: 131 | C120: =100000 * EXP(-Makeham_A*('Life Table'!$B120-$B$9) - Makeham_B/LN(Makeham_c) * (Makeham_c^'Life Table'!$B120 - Makeham_c^$B$9)) -> 1.3850005e-40 | D120: =1 - C121/'Life Table'!$C120 -> 0.99999725 | E120: =1 + (1-'Life Table'!$D120) * (1+i)^(-1) * E121 -> 1.0000026 | F120: =(1+i)^(-1) * 'Life Table'!$D120 + (1+i)^(-1) * (1-'Life Table'!$D120) * F121 -> 0.95238083 | G120: =(1+i)^(-2) * 'Life Table'!$D120 + (1+i)^(-2) * (1-'Life Table'!$D120) * G121 -> 0.90702925 | L120: =(1+i)^(-5) * C125/C120 -> 1.9166205e-36 | O120: =B120 -> 131
B121: 132 | C121: =100000 * EXP(-Makeham_A*('Life Table'!$B121-$B$9) - Makeham_B/LN(Makeham_c) * (Makeham_c^'Life Table'!$B121 - Makeham_c^$B$9)) -> 3.8036133e-46 | D121: =1 - C122/'Life Table'!$C121 -> 0.99999944 | E121: =1 + (1-'Life Table'!$D121) * (1+i)^(-1) * E122 -> 1.0000005 | F121: =(1+i)^(-1) * 'Life Table'!$D121 + (1+i)^(-1) * (1-'Life Table'!$D121) * F122 -> 0.95238093 | G121: =(1+i)^(-2) * 'Life Table'!$D121 + (1+i)^(-2) * (1-'Life Table'!$D121) * G122 -> 0.90702943 | L121: =(1+i)^(-5) * C126/C121 -> 7.358126e-41 | O121: =B121 -> 132
B122: 133 | C122: =100000 * EXP(-Makeham_A*('Life Table'!$B122-$B$9) - Makeham_B/LN(Makeham_c) * (Makeham_c^'Life Table'!$B122 - Makeham_c^$B$9)) -> 2.1348099e-52 | D122: =1 - C123/'Life Table'!$C122 -> 0.99999991 | E122: =1 + (1-'Life Table'!$D122) * (1+i)^(-1) * E123 -> 1.0000001 | F122: =(1+i)^(-1) * 'Life Table'!$D122 + (1+i)^(-1) * (1-'Life Table'!$D122) * F123 -> 0.95238095 | G122: =(1+i)^(-2) * 'Life Table'!$D122 + (1+i)^(-2) * (1-'Life Table'!$D122) * G123 -> 0.90702947 | L122: =(1+i)^(-5) * C127/C122 -> 8.0065046e-46 | O122: =B122 -> 133
B123: 134 | C123: =100000 * EXP(-Makeham_A*('Life Table'!$B123-$B$9) - Makeham_B/LN(Makeham_c) * (Makeham_c^'Life Table'!$B123 - Makeham_c^$B$9)) -> 2.0110834e-59 | D123: =1 - C124/'Life Table'!$C123 -> 0.99999999 | E123: =1 + (1-'Life Table'!$D123) * (1+i)^(-1) * E124 -> 1 | F123: =(1+i)^(-1) * 'Life Table'!$D123 + (1+i)^(-1) * (1-'Life Table'!$D123) * F124 -> 0.95238095 | G123: =(1+i)^(-2) * 'Life Table'!$D123 + (1+i)^(-2) * (1-'Life Table'!$D123) * G124 -> 0.90702948 | L123: =(1+i)^(-5) * C128/C123 -> 2.1118666e-51 | O123: =B123 -> 134
B124: 135 | C124: =100000 * EXP(-Makeham_A*('Life Table'!$B124-$B$9) - Makeham_B/LN(Makeham_c) * (Makeham_c^'Life Table'!$B124 - Makeham_c^$B$9)) -> 2.5485761e-67 | D124: =1 - C125/'Life Table'!$C124 -> 1 | E124: =1 + (1-'Life Table'!$D124) * (1+i)^(-1) * E125 -> 1 | F124: =(1+i)^(-1) * 'Life Table'!$D124 + (1+i)^(-1) * (1-'Life Table'!$D124) * F125 -> 0.95238095 | G124: =(1+i)^(-2) * 'Life Table'!$D124 + (1+i)^(-2) * (1-'Life Table'!$D124) * G125 -> 0.90702948 | L124: =(1+i)^(-5) * C129/C124 -> 1.1327178e-57 | O124: =B124 -> 135
B125: 136 | C125: =100000 * EXP(-Makeham_A*('Life Table'!$B125-$B$9) - Makeham_B/LN(Makeham_c) * (Makeham_c^'Life Table'!$B125 - Makeham_c^$B$9)) -> 3.3879153e-76 | D125: =1 - C126/'Life Table'!$C125 -> 1 | E125: =1 + (1-'Life Table'!$D125) * (1+i)^(-1) * E126 -> 1 | F125: =(1+i)^(-1) * 'Life Table'!$D125 + (1+i)^(-1) * (1-'Life Table'!$D125) * F126 -> 0.95238095 | G125: =(1+i)^(-2) * 'Life Table'!$D125 + (1+i)^(-2) * (1-'Life Table'!$D125) * G126 -> 0.90702948 | O125: =B125 -> 136
B126: 137 | C126: =100000 * EXP(-Makeham_A*('Life Table'!$B126-$B$9) - Makeham_B/LN(Makeham_c) * (Makeham_c^'Life Table'!$B126 - Makeham_c^$B$9)) -> 3.5719887e-86 | D126: =1 - C127/'Life Table'!$C126 -> 1 | E126: =1 + (1-'Life Table'!$D126) * (1+i)^(-1) * E127 -> 1 | F126: =(1+i)^(-1) * 'Life Table'!$D126 + (1+i)^(-1) * (1-'Life Table'!$D126) * F127 -> 0.95238095 | G126: =(1+i)^(-2) * 'Life Table'!$D126 + (1+i)^(-2) * (1-'Life Table'!$D126) * G127 -> 0.90702948 | O126: =B126 -> 137
B127: 138 | C127: =100000 * EXP(-Makeham_A*('Life Table'!$B127-$B$9) - Makeham_B/LN(Makeham_c) * (Makeham_c^'Life Table'!$B127 - Makeham_c^$B$9)) -> 2.181467e-97 | D127: =1 - C128/'Life Table'!$C127 -> 1 | E127: =1 + (1-'Life Table'!$D127) * (1+i)^(-1) * E128 -> 1 | F127: =(1+i)^(-1) * 'Life Table'!$D127 + (1+i)^(-1) * (1-'Life Table'!$D127) * F128 -> 0.95238095 | G127: =(1+i)^(-2) * 'Life Table'!$D127 + (1+i)^(-2) * (1-'Life Table'!$D127) * G128 -> 0.90702948 | O127: =B127 -> 138
B128: 139 | C128: =100000 * EXP(-Makeham_A*('Life Table'!$B128-$B$9) - Makeham_B/LN(Makeham_c) * (Makeham_c^'Life Table'!$B128 - Makeham_c^$B$9)) -> 5.4205464e-110 | D128: =1 - C129/'Life Table'!$C128 -> 1 | E128: =1 + (1-'Life Table'!$D128) * (1+i)^(-1) * E129 -> 1 | F128: =(1+i)^(-1) * 'Life Table'!$D128 + (1+i)^(-1) * (1-'Life Table'!$D128) * F129 -> 0.95238095 | G128: =(1+i)^(-2) * 'Life Table'!$D128 + (1+i)^(-2) * (1-'Life Table'!$D128) * G129 -> 0.90702948 | O128: =B128 -> 139
B129: 140 | C129: =100000 * EXP(-Makeham_A*('Life Table'!$B129-$B$9) - Makeham_B/LN(Makeham_c) * (Makeham_c^'Life Table'!$B129 - Makeham_c^$B$9)) -> 3.684392e-124 | E129: =1 -> 1 | F129: =(1+i)^(-1) -> 0.95238095 | G129: =(1+i)^(-2) -> 0.90702948 | O129: =B129 -> 140

Sheet Actuarial Functions
B2: x | C2: 40
B3: n | C3: 40
B4: m | C4: 12
B6: lx | C6: =_xlfn.XLOOKUP(x, 'Life Table'!$B$9:$B$129, 'Life Table'!$C$9:$C$129) -> 99338.256 | E6: INSURANCE
B7: lx+n | C7: =_xlfn.XLOOKUP(x+n, 'Life Table'!$B$9:$B$129, 'Life Table'!$C$9:$C$129) -> 75657.16 | F7: Whole life | G7: Term | H7: Endowment
B8: npx | C8: =C7/C6 -> 0.76161151 | E8: Discrete | F8: =C12 -> 0.12105921 | G8: =C12 - C14*C13 -> 0.056913561 | H8: =G8+$C$14 -> 0.16509719
B9: nqx | C9: =1-C8 -> 0.23838849 | E9: m-thly (UDD) | F9: =i/C18 * F8 -> 0.12380905 | G9: =i/C18 * G8 -> 0.058206341 | H9: =G9+$C$14 -> 0.16638997
B10: äx | C10: =_xlfn.XLOOKUP(x, 'Life Table'!$B$9:$B$129, 'Life Table'!$E$9:$E$129) -> 18.457757 | E10: Continuous (UDD) | F10: =i/C17 * F8 -> 0.12406108 | G10: =i/C17 * G8 -> 0.058324831 | H10: =G10+$C$14 -> 0.16650846
B11: äx+n | C11: =_xlfn.XLOOKUP(x+n, 'Life Table'!$B$9:$B$129, 'Life Table'!$E$9:$E$129) -> 8.5484056 | E11: m-thly (Claims acceleration) | F11: =F8*(1+i)^((m-1)/(2*m)) -> 0.12379685 | G11: =G8*(1+i)^((m-1)/(2*m)) -> 0.058200608 | H11: =G11+$C$14 -> 0.16638424
B12: Ax | C12: =_xlfn.XLOOKUP(x, 'Life Table'!$B$9:$B$129, 'Life Table'!$F$9:$F$129) -> 0.12105921 | E12: Continuous (Claims acceleration) | F12: =F8*(1+i)^(1/2) -> 0.12404878 | G12: =G8*(1+i)^(1/2) -> 0.058319046 | H12: =G12+$C$14 -> 0.16650267
B13: Ax+n | C13: =_xlfn.XLOOKUP(x+n, 'Life Table'!$B$9:$B$129, 'Life Table'!$F$9:$F$129) -> 0.59293307
B14: nEx | C14: =(1+i)^(-n) * C8 -> 0.10818363
B15: i | C15: =i -> 0.05 | E15: ANNUITY
B16: d | C16: =i/(1+i) -> 0.047619048 | F16: Whole life | G16: Term
B17: δ | C17: =LN(1+i) -> 0.048790164 | E17: Discrete | F17: =C10 -> 18.457757 | G17: =C10-C14*C11 -> 17.532959
B18: i(m) | C18: =m*((1+i)^(1/m)-1) -> 0.048889485 | E18: m-thly (UDD) | F18: =C20*F17 - C21 -> 17.994885 | G18: =C20*G17 - C21*(1-C14) -> 17.120374
B19: d(m) | C19: =m * (1-(1+i)^(-1/m)) -> 0.048691112 | E19: Continuous (UDD) | F19: =(i*C16)/C17^2 * F17 - (i-C17)/C17^2 -> 17.953187 | G19: =(i*C16)/C17^2 * G17 - (i-C17)/C17^2*(1-C14) -> 17.083188
B20: α(m) | C20: =(i * (i/(1+i))) / (C18*C19) -> 1.000197 | E20: m-thly (2-term Woolhouse) | F20: =F17 - (m-1)/(2*m) -> 17.999423 | G20: =G17 - (m-1)/(2*m)*(1-C14) -> 17.12421
B21: β(m) | C21: =(i - C18) / (C18*C19) -> 0.46650802 | E21: Continuous (2-term Woolhouse) | F21: =F17 - 1/2 -> 17.957757 | G21: =G17 - (1/2)*(1-C14) -> 17.087051
